advisers                       -> dbpub_corporate.advisers                                 (/advisers.asp)
officers                       -> dbpub_corporate.officers                                 (/officers.asp)
splits                         -> dbpub_corporate.splits                                   (/splits.asp)
positions                      -> dbpub_corporate.positions                                (/positions.asp)
holders                        -> dbpub_corporate.holders                                  (/holders.asp)
holdings                       -> dbpub_corporate.holdings                                 (/holdings.asp)
enigma_orgdata                 -> dbpub_statistics.enigma_orgdata                           (/enigma.orgdata.asp)
enigma_positions               -> dbpub_statistics.enigma_positions                         (/enigma.positions.asp)
websites                       -> dbpub_statistics.websites                                 (/websites.asp)
matches                        -> dbpub_statistics.matches                                  (/matches.asp)
namechange_hk                  -> dbpub_statistics.namechange_hk                            (/namechangeHK.asp)
namechange_hk_listed           -> dbpub_statistics.namechange_hk_listed                     (/namechangeHKlisted.asp)
dirs_per_listco_hk             -> dbpub_statistics.dirs_per_listco_hk                       (/DirsPerListcoHKdstn.asp)
dirs_hk_distn_people           -> dbpub_statistics.dirs_hk_distn_people                     (/DirsHKDistnPeople.asp)
dirs_hk_age_distn              -> dbpub_statistics.dirs_hk_age_distn                        (/DirsHKAgeDistn.asp)
hk_dirs_type_sex               -> dbpub_statistics.hk_dirs_type_sex                         (/HKdirsTypeSex.asp)
pay                            -> dbpub_statistics.pay                                      (/pay.asp)
payleague                      -> dbpub_statistics.payleague                                (/payleague.asp)
payleague_org                  -> dbpub_statistics.payleague_org                            (/payleagueorg.asp)
prh_estates                    -> dbpub_statistics.prh_estates                              (/prhestates.asp)
prh_blocks                     -> dbpub_statistics.prh_blocks                               (/prhblocks.asp)
govac                          -> dbpub_statistics.govac                                    (/govac.asp)
govac_csv                      -> dbpub_statistics.govac_csv                                (/govacCSV.asp)
govac_notes                    -> dbpub_statistics.govac_notes                              (/govacNotes.asp)
overlap                        -> dbpub_statistics.overlap                                  (/overlap.asp)
outstanding                    -> dbpub_statistics.outstanding                              (/outstanding.asp)
csv                            -> dbpub_statistics.csv                                      (/CSV.asp)
faq_w                          -> dbpub_statistics.faq_w                                    (/FAQW.asp)
faq_www                        -> dbpub_statistics.faq_www                                  (/FAQWWW.asp)
auditor_notes                  -> dbpub_statistics.auditor_notes                            (/auditornotes.asp)
lir_team_notes                 -> dbpub_statistics.lir_team_notes                           (/LIRteamNotes.asp)
navbars                        -> dbpub_statistics.navbars                                  (/navbars.asp)
functions1                     -> dbpub_statistics.functions1                               (/functions1.asp)
roles                          -> dbpub_statistics.roles                                    (/roles.asp)
advltsnap                      -> dbpub_statistics.advltsnap                                (/advltsnap.asp)
hkbrcheck                      -> dbpub_statistics.hkbrcheck                                (/HKBRcheck.asp)
cosperdomhk                    -> dbpub_statistics.cosperdomhk                              (/cosperdomHK.asp)
possum                         -> dbpub_statistics.possum                                   (/possum.asp)
latest_dirs_hk                 -> dbpub_statistics.latest_dirs_hk                           (/latestdirsHK.asp)
boardcomp                      -> dbpub_statistics.boardcomp                                (/boardcomp.asp)
listingtrend                   -> dbpub_statistics.listingtrend                             (/listingtrend.asp)
yearend                        -> dbpub_statistics.yearend                                  (/yearend.asp)
hklistcowebs                   -> dbpub_statistics.hklistcowebs                             (/hklistcowebs.asp)
hklistconowebs                 -> dbpub_statistics.hklistconowebs                           (/hklistconowebs.asp)
league_dirs_hk                 -> dbpub_statistics.league_dirs_hk                           (/leagueDirsHK.asp)
bornday                        -> dbpub_statistics.bornday                                  (/bornday.asp)
bornyear                       -> dbpub_statistics.bornyear                                 (/bornyear.asp)
freecodesunder1000             -> dbpub_statistics.freecodesunder1000                       (/freecodesunder1000.asp)
tr_notes                       -> dbpub_statistics.tr_notes                                 (/TRnotes.asp)
rightsoo                       -> dbpub_statistics.rightsoo                                 (/rightsoo.asp)
hk_stocks_by_board_lot         -> dbpub_statistics.hk_stocks_by_board_lot                   (/HKstocksByBoardLot.asp)
dirs_hk_per_person             -> dbpub_statistics.dirs_hk_per_person                       (/dirsHKPerPerson.asp)
gemgrads                       -> dbpub_statistics.gemgrads                                 (/gemgrads.asp)
reportspeed                    -> dbpub_statistics.reportspeed                              (/reportspeed.asp)
auditorchanges                 -> dbpub_statistics.auditorchanges                           (/auditorchanges.asp)
hksols                         -> dbpub_statistics.hksols                                   (/hksols.asp)
hksolfirms                     -> dbpub_statistics.hksolfirms                               (/hksolfirms.asp)
hksolsadmhk                    -> dbpub_statistics.hksolsadmhk                              (/hksolsadmhk.asp)
hksolsadmos                    -> dbpub_statistics.hksolsadmos                              (/hksolsadmos.asp)
hksolsdom                      -> dbpub_statistics.hksolsdom                                (/hksolsdom.asp)
hksolemps                      -> dbpub_statistics.hksolemps                                (/hksolemps.asp)
indexhk                        -> dbpub_statistics.indexhk                                  (/indexhk.asp)
qt                             -> dbpub_statistics.qt                                       (/qt.asp)
judgments                      -> dbpub_statistics.judgments                                (/judgments.asp)
esstop                         -> dbpub_statistics.esstop                                   (/ESStop.asp)
searchess                      -> dbpub_statistics.searchess                                (/searchESS.asp)
hkidindex                      -> dbpub_statistics.hkidindex                                (/HKIDindex.asp)
webbchips                      -> dbpub_statistics.webbchips                                (/webbchips.asp)
landreg                        -> dbpub_statistics.landreg                                  (/landreg.asp)
lrvaluecats                    -> dbpub_statistics.lrvaluecats                              (/lrvaluecats.asp)
prhdistricts                   -> dbpub_statistics.prhdistricts                             (/prhdistricts.asp)
hkflights                      -> dbpub_statistics.hkflights                                (/HKflights.asp)
hkflightscan                   -> dbpub_statistics.hkflightscan                             (/HKflightscan.asp)
hkdtender                      -> dbpub_statistics.hkdtender                                (/HKDtender.asp)
efbs                           -> dbpub_statistics.efbs                                     (/EFBS.asp)
fdirsperlistcohkdstn           -> dbpub_statistics.fdirsperlistcohkdstn                     (/FDirsPerListcoHKdstn.asp)
inedhkdstncos                  -> dbpub_statistics.inedhkdstncos                            (/INEDHKDistnCos.asp)
inedhkdstnpeople               -> dbpub_statistics.inedhkdstnpeople                         (/INEDHKDistnPeople.asp)
lirteams                       -> dbpub_statistics.lirteams                                 (/lirteams.asp)
str_route                      -> dbpub_statistics.str_route                                (/str.asp)
ctr                            -> dbpub_statistics.ctr                                      (/ctr.asp)
hksolsmoves_lowercase          -> dbpub_statistics.hksolsmoves_lowercase                    (/hksolsmoves.asp)
hkpax                          -> dbpub_statistics.hkpax                                    (/hkpax.asp)
jail                           -> dbpub_statistics.jail                                     (/jail.asp)
orgdata                        -> dbpub_statistics.orgdata                                  (/orgdata.asp)
pricescsv                      -> dbpub_statistics.pricescsv                                (/pricesCSV.asp)
adviserships                   -> dbpub_statistics.adviserships                             (/adviserships.asp)
essraw                         -> dbpub_statistics.essraw                                   (/ESSraw.asp)
complain                       -> dbpub_statistics.complain                                 (/complain.asp)
hpu                            -> dbpub_statistics.hpu                                      (/hpu.asp)
sfc_licensees                  -> dbpub_sfc.sfc_licensees                            (/SFClicensees.asp)
sfc_hist_all                   -> dbpub_sfc.sfc_hist_all                             (/SFChistall.asp)
sfc_hist_firm                  -> dbpub_sfc.sfc_hist_firm                            (/SFChistfirm.asp)
sfc_changes                    -> dbpub_sfc.sfc_changes                              (/SFCchanges.asp)
sfc_licount                    -> dbpub_sfc.sfc_licount                              (/SFClicount.asp)
sfcolicrec                     -> dbpub_sfc.sfcolicrec                               (/SFColicrec.asp)
index                          -> dbpub_index.index                                    (/)
chart                          -> dbpub_market_data.chart                                    (/chart.asp)
alltotrets                     -> dbpub_market_data.alltotrets                               (/alltotrets.asp)
mcap                           -> dbpub_market_data.mcap                                     (/mcap.asp)
mcaphist                       -> dbpub_market_data.mcaphist                                 (/mcaphist.asp)
short                          -> dbpub_short_selling.short                                    (/short.asp)
shortsum                       -> dbpub_short_selling.shortsum                                 (/shortsum.asp)
shortdate                      -> dbpub_short_selling.shortdate                                (/shortdate.asp)
short_notes                    -> dbpub_short_selling.short_notes                              (/shortnotes.asp)
buybacks                       -> dbpub_buybacks.buybacks                                 (/buybacks.asp)
buybacksum                     -> dbpub_buybacks.buybacksum                               (/buybacksum.asp)
buybacks_time                  -> dbpub_buybacks.buybacks_time                            (/buybackstime.asp)
articles                       -> dbpub_articles.articles                                 (/articles.asp)
articles_year                  -> dbpub_articles.articles_year                            (/articlesyear.asp)
artlinks                       -> dbpub_articles.artlinks                                 (/artlinks.asp)
cat                            -> dbpub_articles.cat                                      (/cat.asp)
subject                        -> dbpub_articles.subject                                  (/subject.asp)
enigma_events                  -> dbpub_events.enigma_events                            (/enigma.events.asp)
events                         -> dbpub_events.events                                   (/events.asp)
eventdets                      -> dbpub_events.eventdets                                (/eventdets.asp)
docs                           -> dbpub_events.docs                                     (/docs.asp)
sdilatest                      -> dbpub_sdi.sdilatest                                (/sdilatest.asp)
sdiissue                       -> dbpub_sdi.sdiissue                                 (/sdiissue.asp)
sdidir                         -> dbpub_sdi.sdidir                                   (/sdidir.asp)
sdidirco                       -> dbpub_sdi.sdidirco                                 (/sdidirco.asp)
sdicap                         -> dbpub_sdi.sdicap                                   (/sdicap.asp)
sdi_notes                      -> dbpub_sdi.sdi_notes                                (/sdiNotes.asp)
domicile                       -> dbpub_incorporations.domicile                                 (/domicile.asp)
domicilecos                    -> dbpub_incorporations.domicilecos                              (/domicilecos.asp)
domicile_change                -> dbpub_incorporations.domicile_change                          (/domicilechange.asp)
inc_hk_annual                  -> dbpub_incorporations.inc_hk_annual                            (/incHKannual.asp)
oldest_hk_cos                  -> dbpub_incorporations.oldest_hk_cos                            (/oldestHKcos.asp)
inchkcaltype                   -> dbpub_incorporations.inchkcaltype                             (/incHKcaltype.asp)
dishkcaltype                   -> dbpub_incorporations.dishkcaltype                             (/disHKcaltype.asp)
inchkmonth                     -> dbpub_incorporations.inchkmonth                               (/incHKmonth.asp)
inchksurvive                   -> dbpub_incorporations.inchksurvive                             (/incHKsurvive.asp)
reghkannual                    -> dbpub_incorporations.reghkannual                              (/regHKannual.asp)
incfcal                        -> dbpub_incorporations.incfcal                                  (/incFcal.asp)
disfcal                        -> dbpub_incorporations.disfcal                                  (/disFcal.asp)
domreghk                       -> dbpub_incorporations.domreghk                                 (/domregHK.asp)
incukcaltype                   -> dbpub_incorporations.incukcaltype                             (/incUKcaltype.asp)
natperson                      -> dbpub_people.natperson                                (/natperson.asp)
vax                            -> dbpub_transport.vax                                      (/vax.asp)
tuntraff                       -> dbpub_transport.tuntraff                                 (/tuntraff.asp)
vefr                           -> dbpub_transport.vefr                                     (/veFR.asp)
vefrtype                       -> dbpub_transport.vefrtype                                 (/veFRtype.asp)
vefrtypehist                   -> dbpub_transport.vefrtypehist                             (/veFRtypehist.asp)
vejourneyhist                  -> dbpub_transport.vejourneyhist                            (/veJourneyhist.asp)
vejourneys                     -> dbpub_transport.vejourneys                               (/veJourneys.asp)
vebrandhist                    -> dbpub_transport.vebrandhist                              (/vebrandhist.asp)
vedet                          -> dbpub_transport.vedet                                    (/vedet.asp)
veengine                       -> dbpub_transport.veengine                                 (/veengine.asp)
vefuel                         -> dbpub_transport.vefuel                                   (/vefuel.asp)
vefuelhist                     -> dbpub_transport.vefuelhist                               (/vefuelhist.asp)
listed                         -> dbpub_listings.listed                                   (/listed.asp)
delisted                       -> dbpub_listings.delisted                                 (/delisted.asp)
code                           -> dbpub_listings.code                                     (/code.asp)
hk_sols                        -> dbpub_solicitors.hk_sols                                  (/HKsols.asp)
hk_sol_firms                   -> dbpub_solicitors.hk_sol_firms                             (/HKsolfirms.asp)
hk_sols_moves                  -> dbpub_solicitors.hk_sols_moves                            (/HKsolsmoves.asp)
hk_sol_emps                    -> dbpub_solicitors.hk_sol_emps                              (/HKsolemps.asp)


Mappings:
  advisers                       -> dbpub_corporate.advisers
  adviserships                   -> dbpub_statistics.adviserships
  advltsnap                      -> dbpub_statistics.advltsnap
  alltotrets                     -> dbpub_market_data.alltotrets
  articles                       -> dbpub_articles.articles
  articles_year                  -> dbpub_articles.articles_year
  artlinks                       -> dbpub_articles.artlinks
  auditor_notes                  -> dbpub_statistics.auditor_notes
  auditorchanges                 -> dbpub_statistics.auditorchanges
  boardcomp                      -> dbpub_statistics.boardcomp
  bornday                        -> dbpub_statistics.bornday
  bornyear                       -> dbpub_statistics.bornyear
  buybacks                       -> dbpub_buybacks.buybacks
  buybacks_time                  -> dbpub_buybacks.buybacks_time
  buybacksum                     -> dbpub_buybacks.buybacksum
  cat                            -> dbpub_articles.cat
  chart                          -> dbpub_market_data.chart
  code                           -> dbpub_listings.code
  complain                       -> dbpub_statistics.complain
  cosperdomhk                    -> dbpub_statistics.cosperdomhk
  csv                            -> dbpub_statistics.csv
  ctr                            -> dbpub_statistics.ctr
  delisted                       -> dbpub_listings.delisted
  dirs_hk_age_distn              -> dbpub_statistics.dirs_hk_age_distn
  dirs_hk_distn_people           -> dbpub_statistics.dirs_hk_distn_people
  dirs_hk_per_person             -> dbpub_statistics.dirs_hk_per_person
  dirs_per_listco_hk             -> dbpub_statistics.dirs_per_listco_hk
  disfcal                        -> dbpub_incorporations.disfcal
  dishkcaltype                   -> dbpub_incorporations.dishkcaltype
  docs                           -> dbpub_events.docs
  domicile                       -> dbpub_incorporations.domicile
  domicile_change                -> dbpub_incorporations.domicile_change
  domicilecos                    -> dbpub_incorporations.domicilecos
  domreghk                       -> dbpub_incorporations.domreghk
  efbs                           -> dbpub_statistics.efbs
  enigma_events                  -> dbpub_events.enigma_events
  enigma_orgdata                 -> dbpub_statistics.enigma_orgdata
  enigma_positions               -> dbpub_statistics.enigma_positions
  essraw                         -> dbpub_statistics.essraw
  esstop                         -> dbpub_statistics.esstop
  eventdets                      -> dbpub_events.eventdets
  events                         -> dbpub_events.events
  faq_w                          -> dbpub_statistics.faq_w
  faq_www                        -> dbpub_statistics.faq_www
  fdirsperlistcohkdstn           -> dbpub_statistics.fdirsperlistcohkdstn
  freecodesunder1000             -> dbpub_statistics.freecodesunder1000
  functions1                     -> dbpub_statistics.functions1
  gemgrads                       -> dbpub_statistics.gemgrads
  govac                          -> dbpub_statistics.govac
  govac_csv                      -> dbpub_statistics.govac_csv
  govac_notes                    -> dbpub_statistics.govac_notes
  hk_dirs_type_sex               -> dbpub_statistics.hk_dirs_type_sex
  hk_sol_emps                    -> dbpub_solicitors.hk_sol_emps
  hk_sol_firms                   -> dbpub_solicitors.hk_sol_firms
  hk_sols                        -> dbpub_solicitors.hk_sols
  hk_sols_moves                  -> dbpub_solicitors.hk_sols_moves
  hk_stocks_by_board_lot         -> dbpub_statistics.hk_stocks_by_board_lot
  hkbrcheck                      -> dbpub_statistics.hkbrcheck
  hkdtender                      -> dbpub_statistics.hkdtender
  hkflights                      -> dbpub_statistics.hkflights
  hkflightscan                   -> dbpub_statistics.hkflightscan
  hkidindex                      -> dbpub_statistics.hkidindex
  hklistconowebs                 -> dbpub_statistics.hklistconowebs
  hklistcowebs                   -> dbpub_statistics.hklistcowebs
  hkpax                          -> dbpub_statistics.hkpax
  hksolemps                      -> dbpub_statistics.hksolemps
  hksolfirms                     -> dbpub_statistics.hksolfirms
  hksols                         -> dbpub_statistics.hksols
  hksolsadmhk                    -> dbpub_statistics.hksolsadmhk
  hksolsadmos                    -> dbpub_statistics.hksolsadmos
  hksolsdom                      -> dbpub_statistics.hksolsdom
  hksolsmoves_lowercase          -> dbpub_statistics.hksolsmoves_lowercase
  holders                        -> dbpub_corporate.holders
  holdings                       -> dbpub_corporate.holdings
  hpu                            -> dbpub_statistics.hpu
  inc_hk_annual                  -> dbpub_incorporations.inc_hk_annual
  incfcal                        -> dbpub_incorporations.incfcal
  inchkcaltype                   -> dbpub_incorporations.inchkcaltype
  inchkmonth                     -> dbpub_incorporations.inchkmonth
  inchksurvive                   -> dbpub_incorporations.inchksurvive
  incukcaltype                   -> dbpub_incorporations.incukcaltype
  index                          -> dbpub_index.index
  indexhk                        -> dbpub_statistics.indexhk
  inedhkdstncos                  -> dbpub_statistics.inedhkdstncos
  inedhkdstnpeople               -> dbpub_statistics.inedhkdstnpeople
  jail                           -> dbpub_statistics.jail
  judgments                      -> dbpub_statistics.judgments
  landreg                        -> dbpub_statistics.landreg
  latest_dirs_hk                 -> dbpub_statistics.latest_dirs_hk
  league_dirs_hk                 -> dbpub_statistics.league_dirs_hk
  lir_team_notes                 -> dbpub_statistics.lir_team_notes
  lirteams                       -> dbpub_statistics.lirteams
  listed                         -> dbpub_listings.listed
  listingtrend                   -> dbpub_statistics.listingtrend
  lrvaluecats                    -> dbpub_statistics.lrvaluecats
  matches                        -> dbpub_statistics.matches
  mcap                           -> dbpub_market_data.mcap
  mcaphist                       -> dbpub_market_data.mcaphist
  namechange_hk                  -> dbpub_statistics.namechange_hk
  namechange_hk_listed           -> dbpub_statistics.namechange_hk_listed
  natperson                      -> dbpub_people.natperson
  navbars                        -> dbpub_statistics.navbars
  officers                       -> dbpub_corporate.officers
  oldest_hk_cos                  -> dbpub_incorporations.oldest_hk_cos
  orgdata                        -> dbpub_statistics.orgdata
  outstanding                    -> dbpub_statistics.outstanding
  overlap                        -> dbpub_statistics.overlap
  pay                            -> dbpub_statistics.pay
  payleague                      -> dbpub_statistics.payleague
  payleague_org                  -> dbpub_statistics.payleague_org
  positions                      -> dbpub_corporate.positions
  possum                         -> dbpub_statistics.possum
  prh_blocks                     -> dbpub_statistics.prh_blocks
  prh_estates                    -> dbpub_statistics.prh_estates
  prhdistricts                   -> dbpub_statistics.prhdistricts
  pricescsv                      -> dbpub_statistics.pricescsv
  qt                             -> dbpub_statistics.qt
  reghkannual                    -> dbpub_incorporations.reghkannual
  reportspeed                    -> dbpub_statistics.reportspeed
  rightsoo                       -> dbpub_statistics.rightsoo
  roles                          -> dbpub_statistics.roles
  sdi_notes                      -> dbpub_sdi.sdi_notes
  sdicap                         -> dbpub_sdi.sdicap
  sdidir                         -> dbpub_sdi.sdidir
  sdidirco                       -> dbpub_sdi.sdidirco
  sdiissue                       -> dbpub_sdi.sdiissue
  sdilatest                      -> dbpub_sdi.sdilatest
  searchess                      -> dbpub_statistics.searchess
  sfc_changes                    -> dbpub_sfc.sfc_changes
  sfc_hist_all                   -> dbpub_sfc.sfc_hist_all
  sfc_hist_firm                  -> dbpub_sfc.sfc_hist_firm
  sfc_licensees                  -> dbpub_sfc.sfc_licensees
  sfc_licount                    -> dbpub_sfc.sfc_licount
  sfcolicrec                     -> dbpub_sfc.sfcolicrec
  short                          -> dbpub_short_selling.short
  short_notes                    -> dbpub_short_selling.short_notes
  shortdate                      -> dbpub_short_selling.shortdate
  shortsum                       -> dbpub_short_selling.shortsum
  splits                         -> dbpub_corporate.splits
  str_route                      -> dbpub_statistics.str_route
  subject                        -> dbpub_articles.subject
  tr_notes                       -> dbpub_statistics.tr_notes
  tuntraff                       -> dbpub_transport.tuntraff
  vax                            -> dbpub_transport.vax
  vebrandhist                    -> dbpub_transport.vebrandhist
  vedet                          -> dbpub_transport.vedet
  veengine                       -> dbpub_transport.veengine
  vefr                           -> dbpub_transport.vefr
  vefrtype                       -> dbpub_transport.vefrtype
  vefrtypehist                   -> dbpub_transport.vefrtypehist
  vefuel                         -> dbpub_transport.vefuel
  vefuelhist                     -> dbpub_transport.vefuelhist
  vejourneyhist                  -> dbpub_transport.vejourneyhist
  vejourneys                     -> dbpub_transport.vejourneys
  webbchips                      -> dbpub_statistics.webbchips
  websites                       -> dbpub_statistics.websites
  yearend                        -> dbpub_statistics.yearend
